1.2971278333333335E-4;1.0
8.263941000000001E-4;1.0
0.0024795827166666667;1.0
0.003817176;1.0
0.0052065737499999995;1.0
0.006326030483333333;1.0
0.008304486966666667;1.0
0.010239735166666668;1.0
0.011565065266666667;1.0
0.012893417483333334;1.0
0.014234206666666667;1.0
0.015399955583333335;1.0
0.016758494583333335;1.0
0.0179983201;1.0
0.019775037633333332;1.0
0.020950447916666667;1.0
0.022140331949999998;1.0
0.023571898183333332;1.0
0.025172454216666664;1.0
0.026483300883333335;1.0
0.027492126716666666;1.0
0.0288029591;1.0
0.03017457325;1.0
0.031710511483333335;1.0
0.03272087466666666;1.0
0.03379410026666666;1.0
0.034929249833333335;1.0
0.03644137201666667;1.0
0.03760752143333333;1.0
0.03871263513333333;1.0
0.039831264533333334;1.0
0.04102676666666667;1.0
0.042430755199999996;1.0
0.043428564833333336;1.0
0.04456090326666667;1.0
0.04564417033333333;1.0
0.04694740208333333;1.0
0.04805586651666667;1.0
0.048895270149999996;1.0
0.04981663805;1.0
0.0507707383;1.0
0.0518167929;1.0
0.052752644833333334;0.9874999999999999
0.053634706483333336;0.9874999999999999
0.054613417600000005;1.0
0.055455000100000006;0.9874999999999999
0.05627539428333333;1.0
0.05706318093333333;0.9874999999999999
0.05803293633333333;1.0
0.058972635483333334;0.9874999999999999
0.061400974500000004;0.9874999999999999
0.062333164866666665;0.9874999999999999
0.06326803606666667;0.9874999999999999
0.06420624925;0.9874999999999999
0.0652893263;0.9874999999999999
0.06620904026666667;1.0
0.0670698585;0.9874999999999999
0.06792349656666666;0.9874999999999999
0.06880928378333334;1.0
0.06966380098333333;0.9874999999999999
0.07063133233333334;0.9874999999999999
0.07146271205;0.9874999999999999
0.07244245506666666;0.9874999999999999
0.07332911503333334;0.9874999999999999
0.07424382871666667;0.9874999999999999
0.0751510755;0.9874999999999999
0.07600773261666666;0.9874999999999999
0.0770228147;0.9874999999999999
0.07783792838333332;0.9874999999999999
0.0787599339;0.9874999999999999
0.07971674868333332;0.9874999999999999
0.08069429121666666;0.9874999999999999
0.08159793471666667;0.9874999999999999
0.08255839335000001;0.9874999999999999
0.08346621666666666;0.975
0.08440994538333334;0.975
0.0853376561;0.975
0.08622833371666667;0.9874999999999999
0.08709626625000001;0.975
0.0881089976;0.975
0.08904432795;0.975
0.09011061775;0.975
0.09104254978333333;0.975
0.09199991488333333;0.9874999999999999
0.09313789043333333;0.975
0.0940073355;0.975
0.09494764036666667;0.975
0.09593396463333333;0.9874999999999999
0.09683366121666667;0.975
0.09782384438333333;0.975
0.09877727124999999;0.975
0.09986057266666666;0.975
0.10086873186666666;0.975
0.1018158839;0.975
0.10269307816666666;0.975
0.10364112456666666;0.975
0.1047166269;0.9874999999999999
0.10568324661666666;0.975
0.1066073136;0.975
0.10750615705;0.9874999999999999
0.10847012928333334;0.975
0.10942404278333333;0.975
0.11037175748333333;0.975
0.11124729585;0.9666666666666668
0.11219925970000001;0.9666666666666668
0.11310853281666668;0.9666666666666668
0.11410826901666667;0.9666666666666668
0.11504000993333333;0.9666666666666668
0.11602966346666667;0.9666666666666668
0.1168720077;0.975
0.11780901393333335;0.9666666666666668
0.11866482588333334;0.9666666666666668
0.11954111098333334;0.9666666666666668
0.12040953355;0.975
0.12131573276666667;0.9666666666666668
0.12225917393333334;0.975
0.12322035396666667;0.9666666666666668
0.12418798190000001;0.9666666666666668
0.12505253768333333;0.9625
0.1259292893;0.9625
0.12685737243333334;0.9625
0.12775641966666668;0.9625
0.12864897001666667;0.9625
0.12962128155;0.9625
0.13059810168333333;0.9625
0.13147063505;0.9625
0.13244158266666667;0.9625
0.1334102764;0.9625
0.13428553518333333;0.9625
0.13516892065;0.9625
0.13609792936666668;0.9625
0.1370815922;0.9625
0.1379833056166667;0.9625
0.13904793923333333;0.9625
0.13996648238333334;0.975
0.14086095336666665;0.9625
0.1417075548;0.9625
0.14269613723333335;0.9625
0.14365337498333333;0.9625
0.14462512588333334;0.9625
0.14551698478333333;0.975
0.14643654523333333;0.9625
0.14734754298333333;0.9625
0.14823665449999998;0.9625
0.14915516318333333;0.9625
0.15016909971666664;0.9666666666666668
0.15106726696666667;0.9625
0.1519638864;0.9625
0.15286335378333332;0.9625
0.15388652419999999;0.9625
0.15489107885;0.9625
0.1559115722;0.975
0.1567951607666667;0.9625
0.15768612718333333;0.9625
0.15858013726666667;0.9625
0.15946157831666669;0.9625
0.1604331117166667;0.9625
0.16133806921666669;0.9625
0.16223364035;0.9625
0.163152795;0.9625
0.16404976401666668;0.9625
0.16493539266666665;0.9625
0.16597612933333333;0.9625
0.16686192821666665;0.975
0.1679371236;0.9625
0.16893010526666666;0.9625
0.16999069075;0.9625
0.17098004855;0.9625
0.17185125223333333;0.9625
0.1729258641666667;0.9625
0.17393821631666664;0.9625
0.1749853152;0.9625
0.17598480155;0.9625
0.17699262175000002;0.9625
0.17792050341666668;0.9625
0.17888787806666664;0.9625
0.17985939346666668;0.9625
0.18098390795;0.9625
0.18200038816666667;0.9625
0.18308260238333332;0.9625
0.18404255585;0.9625
0.18520635166666669;0.9625
0.18613229701666667;0.9625
0.18706371046666667;0.9625
0.18796832776666667;0.9625
0.18896874471666666;0.9625
0.18986003568333334;0.9625
0.19093186371666665;0.9625
0.19196999080000002;0.9625
0.19305163255;0.9625
0.19403259336666664;0.9625
0.19493966861666667;0.9416666666666667
0.19594043555;0.9416666666666667
0.19697617866666667;0.9416666666666667
0.19786890691666667;0.9416666666666667
0.19873977116666666;0.9416666666666667
0.19967675993333334;0.9416666666666667
0.20057929993333332;0.9416666666666667
0.2015010195666667;0.9541666666666666
0.20248386000000002;0.9416666666666667
0.20344694121666668;0.9416666666666667
0.2044407449833333;0.9541666666666666
0.20535382906666666;0.9416666666666667
0.20627714823333332;0.9416666666666667
0.20719780976666666;0.9416666666666667
0.20809908638333333;0.9541666666666666
0.20895601155000001;0.9666666666666668
0.20987482085;0.9541666666666666
0.21127355063333333;0.9416666666666667
0.21250131156666668;0.9416666666666667
0.21343304771666669;0.9416666666666667
0.21432886116666666;0.9416666666666667
0.21523884771666665;0.9541666666666666
0.2162261075;0.9416666666666667
0.21721350085;0.9625
0.21837205473333335;0.9416666666666667
0.21940002779999998;0.9416666666666667
0.2204164408333333;0.9416666666666667
0.22135720758333333;0.9416666666666667
0.22228338909999998;0.9541666666666666
0.22314813476666667;0.9541666666666666
0.22403007208333334;0.9541666666666666
0.22491788359999998;0.9541666666666666
0.22581105638333332;0.9625
0.2267889132;0.9416666666666667
0.22772173955000002;0.9416666666666667
0.22869371966666666;0.9416666666666667
0.22975747055;0.9416666666666667
0.23072536731666665;0.9416666666666667
0.23170197408333332;0.9416666666666667
0.23266508281666667;0.9416666666666667
0.23361958216666665;0.9416666666666667
0.2345601066;0.9416666666666667
0.23551910206666668;0.9416666666666667
0.23651383333333334;0.9291666666666667
0.23746696366666667;0.9291666666666667
0.23846115455;0.9291666666666667
0.23939742275;0.9416666666666667
0.24036446276666668;0.9291666666666667
0.24129757018333334;0.9291666666666667
0.24225388053333333;0.9291666666666667
0.24326053736666667;0.9416666666666667
0.24434571911666667;0.9291666666666667
0.2452418729;0.9416666666666667
0.24620416846666665;0.9291666666666667
0.24714630593333334;0.9416666666666667
0.24811039125;0.9291666666666667
0.24907412638333334;0.9291666666666667
0.2500821454;0.9291666666666667
0.2510350472166667;0.9291666666666667
0.25204568546666667;0.9416666666666667
0.2531230379;0.9291666666666667
0.2541361602666667;0.9291666666666667
0.25512365805;0.9291666666666667
0.25616612515;0.9291666666666667
0.25719308343333336;0.9416666666666667
0.25819553981666665;0.9291666666666667
0.25923585041666664;0.9291666666666667
0.26037197311666666;0.9291666666666667
0.2614283037833333;0.9291666666666667
0.26238217811666664;0.9291666666666667
0.2633188207166667;0.9416666666666667
0.2643101368833333;0.9291666666666667
0.26527591361666664;0.9416666666666667
0.26624121665;0.9291666666666667
0.26721049033333333;0.9416666666666667
0.2682067776;0.9416666666666667
0.2691891522666667;0.9416666666666667
0.2701510807333333;0.9416666666666667
0.2711794834333333;0.9291666666666667
0.27217156309999996;0.9291666666666667
0.27315694605;0.9291666666666667
0.27413899335;0.9291666666666667
0.27513036451666667;0.9416666666666667
0.27611636291666664;0.9291666666666667
0.27718395521666667;0.9291666666666667
0.27820056035;0.9291666666666667
0.279184377;0.9291666666666667
0.2801737471333333;0.9291666666666667
0.2812048685333333;0.9291666666666667
0.28214811855;0.9291666666666667
0.2832159810166667;0.9291666666666667
0.2841826412166667;0.9291666666666667
0.2852196979166666;0.9291666666666667
0.2862055366333333;0.9291666666666667
0.28719565038333333;0.9291666666666667
0.28815804358333336;0.9291666666666667
0.2891458849;0.9291666666666667
0.2901621602166667;0.9291666666666667
0.29111760921666663;0.9291666666666667
0.29203480725000003;0.9291666666666667
0.29303511725;0.9291666666666667
0.29406569786666664;0.9416666666666667
0.2950330336;0.9291666666666667
0.29603859806666666;0.9291666666666667
0.29703579750000003;0.9291666666666667
0.29805069755;0.9291666666666667
0.29908048421666666;0.9291666666666667
0.30009616688333335;0.9291666666666667
0.30110218866666666;0.9291666666666667
0.3021738237666666;0.9291666666666667
0.30312194065;0.9291666666666667
0.3040690302333333;0.9291666666666667
0.3050555911666667;0.9291666666666667
0.3061108679166667;0.9291666666666667
0.3071339925;0.9291666666666667
0.3081421001166667;0.9291666666666667
0.3091434886166667;0.9291666666666667
0.31023142328333336;0.9291666666666667
0.3112242223166667;0.9291666666666667
0.3122086328;0.9083333333333333
0.31319267866666667;0.9291666666666667
0.3141968668;0.9083333333333333
0.31517912831666667;0.9083333333333333
0.31620581761666666;0.9291666666666667
0.3172104459333333;0.9083333333333333
0.31827097033333335;0.9291666666666667
0.31928488940000005;0.9083333333333333
0.32032345975;0.9291666666666667
0.32134100125000004;0.9083333333333333
0.3223805737;0.9291666666666667
0.32350421356666664;0.9083333333333333
0.3245185875;0.9291666666666667
0.32552829618333334;0.9083333333333333
0.32650603520000004;0.9083333333333333
0.3275361640333333;0.9033333333333333
0.32856415195;0.9291666666666667
0.32973216298333335;0.9291666666666667
0.3307703583833333;0.9291666666666667
0.33177507761666664;0.9083333333333333
0.33286179121666665;0.9291666666666667
0.33399420045;0.9066666666666666
0.3353330949166667;0.9291666666666667
0.33654971931666666;0.9066666666666666
0.33764877521666664;0.9291666666666667
0.3387816529166667;0.8991666666666666
0.33982229226666666;0.8991666666666666
0.34090747411666666;0.9291666666666667
0.34196844179999997;0.8991666666666666
0.3430197566;0.8991666666666666
0.34402509173333334;0.9208333333333333
0.3451321974166667;0.9291666666666667
0.34614797895000005;0.9208333333333333
0.34720357986666667;0.9291666666666667
0.34827137783333334;0.9208333333333333
0.34928043464999997;0.8958333333333334
0.35033967395;0.8958333333333334
0.35141699383333336;0.8958333333333334
0.3524351154666666;0.8958333333333334
0.35340603223333333;0.9083333333333333
0.3544873256;0.8958333333333334
0.35550293008333333;0.9083333333333333
0.35654541263333334;0.8958333333333334
0.3575772348333333;0.9083333333333333
0.3585878796;0.9291666666666667
0.3596358057333333;0.9291666666666667
0.36065764375;0.9416666666666667
0.36168002211666667;0.9291666666666667
0.3626861646;0.9416666666666667
0.36370002623333336;0.9291666666666667
0.36475640393333336;0.9291666666666667
0.36580915535;0.9033333333333333
0.36686568371666667;0.9291666666666667
0.3679310485;0.9033333333333333
0.3689961587;0.8958333333333334
0.37013599556666665;0.8991666666666666
0.37126296571666667;0.8958333333333334
0.3723247225;0.8991666666666666
0.37337064905;0.9291666666666667
0.37457260676666665;0.8991666666666666
0.3758457057333333;0.9208333333333333
0.37708943826666663;0.9291666666666667
0.3782202957333333;0.9208333333333333
0.37926522493333337;0.9033333333333333
0.3803175777333333;0.8958333333333334
0.38135733808333333;0.8958333333333334
0.38247595225000003;0.8958333333333334
0.38355466785000003;0.8958333333333334
0.3842024202666667;0.8958333333333334
0.3852762402666666;0.8958333333333334
0.3863054224833334;0.8958333333333334
0.3873897175333333;0.8958333333333334
0.3885263551;0.8958333333333334
0.3896212197666667;0.8958333333333334
0.39070041326666666;0.8958333333333334
0.3918010554333333;0.8958333333333334
0.39287972116666664;0.8991666666666666
0.39400603633333336;0.8991666666666666
0.39499029570000005;0.8991666666666666
0.3962741491;0.8991666666666666
0.39736745316666666;0.8991666666666666
0.3985458331;0.8991666666666666
0.39964750288333334;0.8958333333333334
0.40073941318333334;0.8958333333333334
0.40185026105;0.8958333333333334
0.40301061958333334;0.8958333333333334
0.40413362445;0.8958333333333334
0.40523650808333334;0.8958333333333334
0.40632847883333334;0.8958333333333334
0.40740736045;0.8958333333333334
0.4085298164333333;0.8958333333333334
0.40963898951666666;0.8958333333333334
0.41076153356666667;0.8958333333333334
0.4119979232666667;0.8991666666666666
0.4130929456333333;0.9066666666666666
0.4142110866;0.8958333333333334
0.41531291038333334;0.8958333333333334
0.4164252588166667;0.8958333333333334
0.41759946131666664;0.8958333333333334
0.4187186976166667;0.8958333333333334
0.41985112204999997;0.8958333333333334
0.42099450408333333;0.8941666666666667
0.42224247583333335;0.8958333333333334
0.4234293277666667;0.8733333333333333
0.4245700129666667;0.8958333333333334
0.4257713892666667;0.8733333333333333
0.42708805243333336;0.8958333333333334
0.42820625208333335;0.8958333333333334
0.4294105141333333;0.8958333333333334
0.43085639233333334;0.8958333333333334
0.43210511846666666;0.8958333333333334
0.43317589414999996;0.8733333333333333
0.43428159316666665;0.8958333333333334
0.4356341780333333;0.8733333333333333
0.43695456146666667;0.8958333333333334
0.43821103143333334;0.8733333333333333
0.4389870985666667;0.8908333333333334
0.44014469025;0.8733333333333333
0.44123824425;0.8733333333333333
0.442518185;0.8733333333333333
0.4437259389666667;0.8691666666666665
0.4449454533833333;0.8691666666666665
0.44625179844999996;0.8691666666666665
0.44747726965;0.8658333333333332
0.44873815613333334;0.8658333333333332
0.44990579156666666;0.8658333333333332
0.45111173861666665;0.8658333333333332
0.45236212693333333;0.8658333333333332
0.45351168928333335;0.8783333333333334
0.4548104532666667;0.8658333333333332
0.45605221421666664;0.8658333333333332
0.45723887118333334;0.8733333333333333
0.45846768601666665;0.8658333333333332
0.4596877776;0.8658333333333332
0.46093016210000004;0.8658333333333332
0.4622077865;0.8658333333333332
0.46342229511666666;0.8658333333333332
0.4647942584333334;0.8658333333333332
0.46612194321666667;0.8658333333333332
0.46743841086666665;0.8658333333333332
0.46870987538333336;0.8658333333333332
0.46989151534999996;0.8658333333333332
0.4711009373;0.8691666666666665
0.47223025413333336;0.8658333333333332
0.47346341105;0.8658333333333332
0.4747484254333333;0.8691666666666665
0.47610608975;0.8658333333333332
0.47738177891666667;0.8691666666666665
0.47850396765000003;0.8658333333333332
0.4796768628;0.8691666666666665
0.4808298394666667;0.8958333333333334
0.4821713670666667;0.8658333333333332
0.4833458801;0.8958333333333334
0.48455173026666665;0.8658333333333332
0.4858003674166667;0.8958333333333334
0.48697645855;0.8658333333333332
0.488265354;0.8658333333333332
0.4894983692666666;0.8658333333333332
0.4907498041666667;0.8908333333333334
0.4920929511;0.8658333333333332
0.49332004565;0.8658333333333332
0.4944442011166667;0.8658333333333332
0.49569505033333333;0.8658333333333332
0.49692451495;0.8658333333333332
0.4980686559333333;0.8658333333333332
0.4992766556166667;0.8658333333333332
0.5004624556666667;0.8658333333333332
0.5017354054000001;0.8658333333333332
0.5029557666;0.8658333333333332
0.5041297326666666;0.8658333333333332
0.5053047158;0.8658333333333332
0.5065807751666667;0.8658333333333332
0.5078329957333333;0.8658333333333332
0.5090639540999999;0.8658333333333332
0.5102161019833333;0.8658333333333332
0.5114687977666666;0.8658333333333332
0.5128197887166667;0.8658333333333332
0.5140090392833333;0.8658333333333332
0.5154265227666667;0.8658333333333332
0.5167151957333334;0.8658333333333332
0.5180582049333333;0.8658333333333332
0.5194357035166667;0.8658333333333332
0.5207270026999999;0.8483333333333334
0.5219829888333334;0.8658333333333332
0.5232803952166667;0.8483333333333334
0.5245469946333333;0.8483333333333334
0.5260256315666667;0.8658333333333332
0.5272853028666666;0.8483333333333334
0.5284559570833334;0.8608333333333333
0.529738637;0.8658333333333332
0.5309541892333333;0.8483333333333334
0.5321369836166666;0.8658333333333332
0.5334374996166668;0.8400000000000001
0.5346262459666666;0.8400000000000001
0.5359191078833334;0.8483333333333334
0.5371162135833334;0.8400000000000001
0.5384867665;0.8658333333333332
0.5399131769666667;0.8483333333333334
0.5411742011499999;0.8400000000000001
0.5424307972166668;0.8658333333333332
0.5437922297666666;0.8400000000000001
0.5450900637666667;0.8658333333333332
0.5462870684666666;0.8400000000000001
0.5475957416499999;0.8608333333333333
0.54876599285;0.8358333333333332
0.5499420026833334;0.8358333333333332
0.5511606997166666;0.8358333333333332
0.5523969425999999;0.8358333333333332
0.5535900529666667;0.8358333333333332
0.5550692558;0.8358333333333332
0.5563214078833333;0.8358333333333332
0.5575957327166667;0.8358333333333332
0.5588330367666666;0.8358333333333332
0.56007398165;0.8358333333333332
0.5612609956333333;0.8358333333333332
0.5626179487333334;0.8483333333333334
0.563903547;0.8358333333333332
0.5651409575833333;0.8483333333333334
0.5664212906166667;0.8358333333333332
0.5676526547166667;0.8400000000000001
0.5689493267333333;0.8658333333333332
0.5701833584333333;0.8400000000000001
0.5714845433833333;0.8358333333333332
0.57275939505;0.8358333333333332
0.5740533503833334;0.8483333333333334
0.5752198237666666;0.8358333333333332
0.5764588312833333;0.8483333333333334
0.5777439001;0.8358333333333332
0.5789654330333334;0.84
0.5797896496;0.8608333333333333
0.58097808105;0.8358333333333332
0.5817492342499999;0.8608333333333333
0.5825122236;0.8358333333333332
0.58330700445;0.8358333333333332
0.5840600066666667;0.8358333333333332
0.58484480655;0.8358333333333332
0.58563565505;0.8358333333333332
0.5864156770666666;0.8358333333333332
0.5872675921;0.8324999999999999
0.5880598842666667;0.8324999999999999
0.5888608593833333;0.8324999999999999
0.5896717165500001;0.8324999999999999
0.5904616072166667;0.8324999999999999
0.5912458894833333;0.8324999999999999
0.5919999728;0.8324999999999999
0.59285250885;0.8324999999999999
0.5937023191499999;0.8324999999999999
0.5945199759666667;0.8324999999999999
0.5953384244166667;0.8324999999999999
0.5964065226833333;0.8324999999999999
0.5974140658333333;0.8324999999999999
0.59829150405;0.8324999999999999
0.59913088795;0.8324999999999999
0.5999544766;0.8324999999999999
0.6007749565333333;0.8324999999999999
0.60162465425;0.8324999999999999
0.6024356398833334;0.8324999999999999
0.6032485333333334;0.8324999999999999
0.6040556745500001;0.8324999999999999
0.6049220270333334;0.8324999999999999
0.6057261201;0.8324999999999999
0.6065214249166666;0.8324999999999999
0.6073342802666667;0.8324999999999999
0.6081589597833333;0.8324999999999999
0.6089711052333333;0.8324999999999999
0.6098295548999999;0.8324999999999999
0.6107209562;0.8324999999999999
0.6115148486333334;0.8324999999999999
0.6124287375166666;0.8324999999999999
0.6132311847;0.8324999999999999
0.6140283961;0.8324999999999999
0.6148150877166666;0.8324999999999999
0.6156108713833334;0.8324999999999999
0.6164379769833332;0.8324999999999999
0.6172580100333334;0.8324999999999999
0.6181561616833334;0.8324999999999999
0.6190122895833333;0.8324999999999999
0.6198753158333333;0.8324999999999999
0.6206999000833334;0.8324999999999999
0.6215305736333333;0.8324999999999999
0.6223389907833333;0.8324999999999999
0.62315607155;0.8324999999999999
0.6239343651166667;0.8324999999999999
0.6247320294166666;0.8324999999999999
0.6255492013;0.8183333333333334
0.62634193725;0.8183333333333334
0.6271819205333333;0.8183333333333334
0.6279957643333333;0.8183333333333334
0.6288632028166667;0.8183333333333334
0.6296667920833333;0.8183333333333334
0.6305040215333333;0.8183333333333334
0.6312981754;0.8183333333333334
0.6321163203833333;0.8183333333333334
0.63293050005;0.8183333333333334
0.6337660079166666;0.81
0.6346031488833332;0.81
0.6354525746499999;0.81
0.6362708053833334;0.81
0.6371113199666667;0.81
0.6379691239666666;0.81
0.63881691235;0.81
0.6396554136333333;0.81
0.6404805308333333;0.81
0.6413225000999999;0.81
0.64216571385;0.81
0.6434623632166667;0.81
0.6447647510333333;0.81
0.6461714138;0.8358333333333332
0.6474739052666667;0.8358333333333332
0.6487997142666667;0.8358333333333332
0.6501280487666666;0.8658333333333332
0.6514011909999999;0.8358333333333332
0.6527329603333333;0.8358333333333332
0.6540059968333334;0.8324999999999999
0.6553131029999999;0.8058333333333333
0.6567041641666667;0.8324999999999999
0.6576615964333333;0.8324999999999999
0.6585803384833333;0.8183333333333334
0.6594401178666666;0.8024999999999999
0.6603388062000001;0.8024999999999999
0.6611706555666667;0.8024999999999999
0.6620461836833333;0.8024999999999999
0.6629500723333333;0.8024999999999999
0.6639317564333334;0.8024999999999999
0.6653229947833333;0.8024999999999999
0.6666061491166667;0.8183333333333334
0.667871677;0.8358333333333332
0.6687454497166667;0.8183333333333334
0.6695921875833334;0.8024999999999999
0.6704398873666667;0.8024999999999999
0.67127423085;0.8024999999999999
0.6721213847333334;0.8024999999999999
0.6729837971666667;0.8024999999999999
0.6738249384333332;0.8024999999999999
0.6751770191666666;0.8024999999999999
0.6764589294333334;0.8024999999999999
0.6773556767333333;0.8150000000000001
0.6782777437666667;0.8024999999999999
0.6791186535;0.8024999999999999
0.6799769619833334;0.8024999999999999
0.6809079095;0.8024999999999999
0.68172745575;0.8024999999999999
0.6826369272666667;0.8024999999999999
0.6835543379666666;0.8024999999999999
0.6845530981666667;0.8024999999999999
0.6855700433333334;0.8024999999999999
0.6869545404666667;0.8024999999999999
0.6882709019333333;0.8058333333333333
0.6896063970333334;0.8024999999999999
0.6904854368333333;0.8058333333333333
0.69134132965;0.8024999999999999
0.6922635008;0.8024999999999999
0.6931446129166667;0.8024999999999999
0.6940606343833333;0.8024999999999999
0.6949698875666667;0.8024999999999999
0.6958397276833334;0.8024999999999999
0.6967465336666667;0.8024999999999999
0.69758454635;0.8024999999999999
0.6984562947833334;0.8024999999999999
0.6993667234166666;0.8024999999999999
0.7002510046666667;0.8024999999999999
0.7012203693;0.8024999999999999
0.7026188362666667;0.8024999999999999
0.7034908263666666;0.8024999999999999
0.7043810840666667;0.8024999999999999
0.7052396507666666;0.8024999999999999
0.7062219026333333;0.8024999999999999
0.7071494638166667;0.8024999999999999
0.708022072;0.8024999999999999
0.7089027214333333;0.8024999999999999
0.7097640587166667;0.8024999999999999
0.7106793096833334;0.8024999999999999
0.71155053955;0.8024999999999999
0.7124209568000001;0.8024999999999999
0.7133330943999999;0.8024999999999999
0.7142394367166667;0.8024999999999999
0.7151867330333334;0.8024999999999999
0.7163068894333333;0.8024999999999999
0.7173231555;0.8024999999999999
0.7182556323333333;0.8024999999999999
0.7193482860666667;0.8024999999999999
0.7203033943833332;0.8024999999999999
0.72127550315;0.8024999999999999
0.7223409712666666;0.8024999999999999
0.72339935555;0.8024999999999999
0.7244679417666667;0.8024999999999999
0.7255850623666666;0.8024999999999999
0.7266727826166667;0.8024999999999999
0.7279172291666666;0.8024999999999999
0.7289889988666667;0.8024999999999999
0.7301684261;0.8024999999999999
0.7312558335;0.8008333333333334
0.7324271052;0.8024999999999999
0.7335733158;0.7866666666666666
0.7347475603333333;0.8008333333333334
0.7358146839833334;0.8008333333333334
0.7369211861;0.7883333333333333
0.7380344938000001;0.8024999999999999
0.7390141507;0.7883333333333333
0.7399527018000001;0.7883333333333333
0.74091146375;0.8024999999999999
0.7419268892;0.7883333333333333
0.7428587518;0.7883333333333333
0.7438983685499999;0.7883333333333333
0.7448465401666666;0.7883333333333333
0.7457398531666667;0.7883333333333333
0.7470921376333333;0.8024999999999999
0.7480277354666666;0.7758333333333333
0.7490376828833334;0.7758333333333333
0.75003781735;0.7758333333333333
0.75098053655;0.7758333333333333
0.7518840939166667;0.7758333333333333
0.7528522117333334;0.7758333333333333
0.7537550769333333;0.7758333333333333
0.75467673605;0.78
0.7560144771833334;0.78
0.7568954069666667;0.8025
0.75822660655;0.8025
0.7595625358166667;0.8024999999999999
0.7605512679166666;0.8025
0.7614622193333334;0.8024999999999999
0.7623773785;0.7725
0.7634065807166667;0.7725
0.7643381626833333;0.7725
0.7653414729333333;0.7725
0.7662996418333333;0.7725
0.7672230963333334;0.7725
0.7682788928666666;0.7725
0.7692351987666667;0.7725
0.7702200581333333;0.7725
0.7711969400333333;0.7725
0.7722176432333333;0.7725
0.7731872797666667;0.7725
0.7742182911833333;0.7725
0.7752789286;0.7725
0.7762503802666667;0.7725
0.7772690284999999;0.7725
0.7782041216;0.7725
0.7791694069833334;0.7725
0.7801186064666666;0.7725
0.7810551702499999;0.7725
0.78200619505;0.7725
0.7829414753166667;0.7725
0.7838671583666666;0.7725
0.7848995385833334;0.7725
0.7858375575166666;0.7725
0.7868471300500001;0.7725
0.7877405900000001;0.7725
0.7886425614666667;0.7725
0.7896759105166667;0.7725
0.7906976681;0.7725
0.7917820443333333;0.7725
0.7927459637666666;0.7725
0.7938156692833334;0.7725
0.7947905799333334;0.7725
0.7957333021833333;0.7725
0.7967280370500001;0.7725
0.7977083189833334;0.7725
0.7986653111666667;0.7725
0.7996482542666666;0.7725
0.80061125545;0.7725
0.8016177649999999;0.7725
0.8025871127666666;0.7725
0.8035522311500001;0.7725
0.8045338505666667;0.7725
0.8055067146666667;0.7725
0.8064469459833333;0.7725
0.80753931235;0.7725
0.8085603434;0.7725
0.8095748456666667;0.7725
0.81068192525;0.7725
0.81167475515;0.7725
0.8126513966333333;0.7725
0.81361470655;0.7725
0.8147694336833333;0.7725
0.815887516;0.7725
0.8168829607333333;0.7725
0.8178991697666667;0.7725
0.81885440555;0.7725
0.8198054120999999;0.7725
0.8207545146833334;0.7725
0.8216724065333333;0.7725
0.8227591931166667;0.7725
0.8239222808166667;0.7725
0.8249601089333333;0.7725
0.82593338695;0.7725
0.826966147;0.7725
0.8280407157333334;0.7725
0.8290239431333333;0.7725
0.83010330305;0.7725
0.8311218654666667;0.7675000000000001
0.8321767072166666;0.7675000000000001
0.8332426838833332;0.7675000000000001
0.83435622905;0.7675000000000001
0.8353987748333334;0.7675000000000001
0.8364134584999999;0.7675000000000001
0.8374799638333333;0.7675000000000001
0.8384957733333334;0.7675000000000001
0.8395073043666667;0.7675000000000001
0.8405485191333334;0.7675000000000001
0.8415473844166667;0.7675000000000001
0.8425475311666666;0.755
0.8435782729166666;0.755
0.8445582886666667;0.7725
0.8456268460499999;0.755
0.8466867068333334;0.755
0.8477196464333333;0.755
0.8487492701;0.755
0.8497931029833333;0.7725
0.8509062097166668;0.755
0.8519918568333333;0.755
0.8530129631666666;0.755
0.8540856583666667;0.755
0.8553632980833333;0.755
0.8564992425;0.755
0.8575530234666666;0.7725
0.85859691365;0.7424999999999999
0.8596072177166667;0.7424999999999999
0.8606320486666666;0.7424999999999999
0.8616279617333333;0.7424999999999999
0.8626542060833333;0.7424999999999999
0.8636702570166667;0.7424999999999999
0.86475682595;0.7424999999999999
0.8658201905999999;0.7424999999999999
0.8668369429333332;0.7424999999999999
0.8679329978666667;0.7424999999999999
0.86893710355;0.7424999999999999
0.8699440980666666;0.7424999999999999
0.8709669944666667;0.7424999999999999
0.8720662762;0.7424999999999999
0.8731275234666668;0.7675000000000001
0.8741645645166667;0.7424999999999999
0.87528080865;0.7424999999999999
0.8763633838;0.7424999999999999
0.8774285254666666;0.7424999999999999
0.8784002867166667;0.7424999999999999
0.8794462131999999;0.7424999999999999
0.8804970257333333;0.7424999999999999
0.8814957372166667;0.7424999999999999
0.8825081776666667;0.7424999999999999
0.8835264210666666;0.7424999999999999
0.8846276852166667;0.7424999999999999
0.8856351043333334;0.7424999999999999
0.8866653287166667;0.7424999999999999
0.8876221791;0.7424999999999999
0.8887222165333333;0.7424999999999999
0.8897494083833333;0.7424999999999999
0.8908342852333334;0.7424999999999999
0.8919827705;0.7424999999999999
0.8931087425833333;0.7424999999999999
0.8940917965;0.7424999999999999
0.895058507;0.7424999999999999
0.8961398857666667;0.7424999999999999
0.8971814559333333;0.7424999999999999
0.8982708953833334;0.7424999999999999
0.8992554229999999;0.7424999999999999
0.9003020677166667;0.7424999999999999
0.9013486738666666;0.7424999999999999
0.90241506775;0.7424999999999999
0.9035064532166667;0.7424999999999999
0.9045133991166666;0.7424999999999999
0.9055441238166666;0.7424999999999999
0.90652121505;0.7424999999999999
0.9075661258000001;0.7424999999999999
0.9085630773833333;0.7424999999999999
0.9096303645;0.7424999999999999
0.91066121515;0.7424999999999999
0.9117240642166667;0.7424999999999999
0.9127807648333334;0.7424999999999999
0.9138794935166668;0.7424999999999999
0.9149689253833333;0.7424999999999999
0.9160148917166667;0.7424999999999999
0.9170457465666666;0.7424999999999999
0.91811525845;0.7424999999999999
0.9191112306833333;0.7424999999999999
0.92016558205;0.7424999999999999
0.9212132654666667;0.7424999999999999
0.92226649855;0.7424999999999999
0.9233189227499999;0.7424999999999999
0.9243576328333333;0.7424999999999999
0.9254490261833334;0.7424999999999999
0.9265042467333333;0.7424999999999999
0.9275884947;0.7424999999999999
0.9286205187333334;0.7408333333333333
0.9296415710333333;0.7408333333333333
0.9306777978166667;0.7250000000000001
0.9317953647666666;0.7250000000000001
0.9328335583166666;0.7424999999999999
0.9338931182666667;0.7250000000000001
0.93492948415;0.7250000000000001
0.9359805942499999;0.7250000000000001
0.9370649591666667;0.7250000000000001
0.9381374338833334;0.7250000000000001
0.9391816169833334;0.7250000000000001
0.9403058450833334;0.7424999999999999
0.94138996335;0.7250000000000001
0.9425218055833333;0.7250000000000001
0.9435418733333333;0.7250000000000001
0.944676923;0.7250000000000001
0.9457117627166666;0.7250000000000001
0.9467521733166666;0.7250000000000001
0.9478410721666666;0.7250000000000001
0.9488869501;0.7250000000000001
0.94995288665;0.7250000000000001
0.9509953232;0.7250000000000001
0.9520629316166667;0.7250000000000001
0.9530800158166667;0.7250000000000001
0.9541399476;0.7250000000000001
0.9552918074166666;0.7250000000000001
0.9563588123;0.7250000000000001
0.9574965833333333;0.7250000000000001
0.95857700255;0.7250000000000001
0.9597137980999999;0.7250000000000001
0.960877628;0.7250000000000001
0.9619485837166667;0.7250000000000001
0.96303134785;0.7250000000000001
0.9640738981333333;0.7250000000000001
0.9652188293999999;0.7250000000000001
0.96630137965;0.7250000000000001
0.9673683561666666;0.7250000000000001
0.9684625179666667;0.7250000000000001
0.9695633403;0.7091666666666666
0.9706693067666666;0.7091666666666666
0.9717212488833333;0.7091666666666666
0.97287552585;0.7091666666666666
0.9739510336333334;0.7091666666666666
0.9750272702833332;0.7091666666666666
0.9761045489333333;0.7091666666666666
0.9772601352166668;0.7091666666666666
0.9783683497;0.7091666666666666
0.9794200608666667;0.7091666666666666
0.9804858102999999;0.7091666666666666
0.98153294135;0.7091666666666666
0.9826186668333333;0.7091666666666666
0.9836806363833334;0.7091666666666666
0.9847915626166667;0.7091666666666666
0.9858296557666667;0.7091666666666666
0.9869465629333334;0.7091666666666666
0.9880346492166667;0.7091666666666666
0.9891350131666666;0.7091666666666666
0.9901904476666666;0.7091666666666666
0.9912217258166667;0.7091666666666666
0.9922907542666667;0.7091666666666666
0.9933332987333333;0.7091666666666666
0.99449273505;0.7091666666666666
0.99553589405;0.7091666666666666
0.9965800057;0.7091666666666666
